idx,train_avg_reward,train_step_count_max,lr,eval_reward_mean,eval_reward_sum,eval_step_count_max
0,-0.03936309739947319,998,0.0003,-1.7131092988620367e-08,-1.711396180326119e-05,998
1,-0.03985118120908737,998,0.00029999925978027874,-2.7533445972949266e-05,-0.027505911886692047,998
2,-0.038906022906303406,998,0.00029999703912842054,-4.294161612961034e-07,-0.00042898673564195633,998
3,-0.03806011751294136,998,0.00029999333806634247,-1.3557374586525839e-05,-0.013543817214667797,998
4,-0.03651099279522896,998,0.00029998815663057245,-3.1692098900748533e-07,-0.000316604069666937,998
5,-0.03841682896018028,998,0.00029998149487224914,-5.000774763175286e-07,-0.000499577377922833,998
6,-0.036179959774017334,998,0.00029997335285712143,-4.9747959565138444e-06,-0.004969821311533451,998
7,-0.03831825032830238,998,0.0002999637306655477,-8.063142331593554e-07,-0.0008055079379118979,998
8,-0.036453913897275925,998,0.000299952628392495,-5.392905677581439e-06,-0.005387512966990471,998
9,-0.03685462474822998,998,0.0002999400461475385,-1.568470651136522e-07,-0.0001566902210470289,998
10,-0.037164971232414246,998,0.0002999259840548598,-3.812537396896687e-09,-3.8087248412921326e-06,998
11,0.06208089739084244,920,0.000299910442253246,-6.6645957303990144e-06,-0.00665793102234602,998
12,-0.03620734065771103,998,0.00029989342089608846,-1.0293625507529214e-07,-0.00010283332085236907,998
13,-0.03483135998249054,998,0.0002998749201513811,-2.945706114587665e-07,-0.00029427604749798775,998
14,-0.036837853491306305,998,0.00029985494020171884,-2.4063965611276217e-06,-0.0024039901327341795,998
15,-0.03508690372109413,998,0.00029983348124429566,-2.7917526495002676e-06,-0.0027889609336853027,998
16,-0.03340422362089157,998,0.0002998105434909028,-1.6630386312499468e-07,-0.0001661375572439283,998
17,-0.03556424751877785,998,0.0002997861271679266,-2.0012862478324678e-06,-0.0019992850720882416,998
18,-0.03554346784949303,998,0.0002997602325163464,-8.086443585852976e-07,-0.0008078357204794884,998
19,-0.034498076885938644,998,0.0002997328597917319,-5.233072442933917e-06,-0.005227839574217796,998
20,-0.03525996208190918,998,0.0002997040092642408,-8.109257123578573e-07,-0.0008101147832348943,998
21,-0.035216495394706726,998,0.0002996736812186163,-4.3353142586965987e-07,-0.0004330978845246136,998
22,-0.03468916192650795,998,0.0002996418759541838,-1.6919934751058463e-06,-0.0016903014620766044,998
23,-0.03460169956088066,998,0.0002996085937848486,-1.6461610357509926e-05,-0.01644514873623848,998
24,-0.03584945201873779,998,0.0002995738350390921,-3.74579758499749e-06,-0.003742051776498556,998
25,-0.03356097638607025,998,0.0002995376000599692,-3.719520236700191e-06,-0.0037158008199185133,998
26,-0.034385424107313156,998,0.00029949988920510446,-1.5060536497912835e-06,-0.0015045475447550416,998
27,-0.03332953155040741,998,0.0002994607028466888,-6.940831021040594e-09,-6.933890290383715e-06,998
28,-0.03354945033788681,998,0.00029942004137147586,-7.92203724842011e-09,-7.914115485618822e-06,998
29,-0.03459373116493225,998,0.0002993779051807778,-1.5172190614975989e-05,-0.015157018788158894,998
30,-0.03337916359305382,998,0.0002993342946904619,-2.3201284875540296e-06,-0.002317808335646987,998
31,-0.03379913046956062,998,0.0002992892103309462,-4.744843806747667e-07,-0.00047400989569723606,998
32,-0.034105293452739716,998,0.00029924265254719496,-2.626151399454102e-06,-0.0026235252153128386,998
33,-0.03440996631979942,998,0.00029919462179871475,-3.6667142921942286e-07,-0.0003663047682493925,998
34,-0.032922569662332535,998,0.0002991451185595498,-4.7699241889631594e-08,-4.765154153574258e-05,998
35,-0.03275535628199577,998,0.0002990941433182769,-1.2937812243762892e-05,-0.01292487420141697,998
36,-0.03127781301736832,998,0.0002990416965780012,-1.633657916499942e-06,-0.0016320243012160063,998
37,-0.03128259256482124,998,0.00029898777885635085,-3.870703039865475e-06,-0.003866832237690687,998
38,-0.03240916132926941,998,0.000298932390685472,-1.8319582295589498e-08,-1.8301263480680063e-05,998
39,-0.03129097819328308,998,0.00029887553261202354,-7.420485417242162e-06,-0.007413065060973167,998
40,-0.032814331352710724,998,0.00029881720519717164,-2.036025989582413e-06,-0.0020339898765087128,998
41,-0.03370803967118263,998,0.0002987574090165844,-5.192022399569396e-06,-0.005186830181628466,998
42,-0.032513879239559174,998,0.00029869614466042593,-7.162629572121659e-06,-0.007155466824769974,998
43,-0.0332459881901741,998,0.0002986334127333508,-5.019828222430078e-06,-0.0050148083828389645,998
44,-0.03138485923409462,998,0.00029856921385449763,-4.060020941665243e-08,-4.055960744153708e-05,998
45,-0.03106490895152092,998,0.0002985035486574836,-3.1904857228370886e-11,-3.187295405382429e-08,998
46,-0.031947650015354156,998,0.00029843641779039756,-2.8451856337596837e-07,-0.0002842340327333659,998
47,-0.034977905452251434,998,0.0002983678219157942,-4.090874199391692e-07,-0.00040867834468372166,998
48,-0.03383480757474899,998,0.0002982977617106871,-3.2591126455372432e-06,-0.0032558534294366837,998
49,-0.03037123568356037,998,0.00029822623786654207,-8.765445045355591e-07,-0.0008756679599173367,998
50,-0.03351157158613205,998,0.00029815325108927063,-4.793419634552265e-07,-0.0004788626392837614,998
51,-0.0317826084792614,998,0.00029807880209922283,-8.899962011810203e-08,-8.891062316251919e-05,998
52,-0.032375555485486984,998,0.00029800289163118014,-7.329596374283653e-10,-7.322266810660949e-07,998
53,-0.03218129277229309,998,0.0002979255204343483,-1.2129430793095253e-08,-1.2117301594116725e-05,998
54,-0.03239532560110092,998,0.00029784668927234964,-1.0679434581106761e-06,-0.001066875527612865,998
55,-0.03132333606481552,998,0.000297766398923216,-6.079694525595869e-09,-6.0736147133866325e-06,998
56,-0.03282777965068817,998,0.00029768465017938076,-1.0066959248433704e-06,-0.0010056892642751336,998
57,-0.03315325081348419,998,0.0002976014438476709,-3.039889406863949e-08,-3.036849375348538e-05,998
58,-0.031867191195487976,998,0.0002975167807492994,-9.366076625383357e-08,-9.356710506835952e-05,998
59,-0.031055424362421036,998,0.0002974306617198568,-2.7455500912765274e-06,-0.0027428045868873596,998
60,-0.03160326927900314,998,0.00029734308760930326,-2.5207951281913665e-08,-2.5182744138874114e-05,998
61,-0.032133713364601135,998,0.00029725405928195976,-3.357713467266876e-07,-0.0003354355867486447,998
62,-0.031002191826701164,998,0.0002971635776165,-5.642456244459026e-07,-0.0005636813584715128,998
63,-0.031697288155555725,998,0.00029707164350594156,-1.472884719078138e-06,-0.0014714117860421538,998
64,-0.03133163973689079,998,0.0002969782578576369,-1.3908922937844181e-06,-0.0013895013835281134,998
65,-0.029899219051003456,998,0.00029688342159326476,-6.624061938964587e-07,-0.0006617438048124313,998
66,-0.030823536217212677,998,0.0002967871356488207,-2.721283408391173e-06,-0.002718562027439475,998
67,-0.030702222138643265,998,0.00029668940097460816,-5.815099029859994e-06,-0.0058092838153243065,998
68,-0.03210063651204109,998,0.00029659021853522887,-6.91105969963246e-06,-0.006904148496687412,998
69,-0.031606823205947876,998,0.00029648958930957357,-7.215117420855677e-06,-0.007207902148365974,998
70,-0.03214774280786514,998,0.000296387514290812,-5.354425866244128e-06,-0.005349071230739355,998
71,-0.031978167593479156,998,0.0002962839944863834,-4.981641268386738e-06,-0.004976659547537565,998
72,-0.03090885654091835,998,0.00029617903091798647,-5.431278623291291e-06,-0.005425847135484219,998
73,-0.03081444837152958,998,0.0002960726246215692,-4.243334842612967e-06,-0.004239091649651527,998
74,-0.03174475580453873,998,0.00029596477664731884,-1.242498797182634e-06,-0.0012412562500685453,998
75,-0.032090410590171814,998,0.0002958554880596513,-1.435539047633938e-06,-0.001434103469364345,998
76,-0.02900392934679985,998,0.0002957447599372009,-2.3656389203097206e-06,-0.002363273175433278,998
77,-0.030509844422340393,998,0.0002956325933728095,-1.169901224784553e-06,-0.0011687313672155142,998
78,-0.03177422285079956,998,0.0002955189894735157,-1.2845699757235707e-06,-0.00128328544087708,998
79,-0.031417589634656906,998,0.0002954039493605442,-1.1485695949886576e-06,-0.0011474210768938065,998
80,-0.030168093740940094,998,0.00029528747416929447,-9.333714956483163e-07,-0.0009324381244368851,998
81,-0.03067721053957939,998,0.0002951695650493296,-2.085005235130666e-06,-0.002082920167595148,998
82,-0.032045114785432816,998,0.00029505022316436507,-3.1963140827429015e-06,-0.003193117678165436,998
83,-0.03140905126929283,998,0.000294929449692257,-2.3970317215571413e-06,-0.0023946347646415234,998
84,-0.033644743263721466,998,0.0002948072458249909,-2.6202421850030078e-06,-0.0026176220271736383,998
85,-0.03241995722055435,998,0.00029468361276866953,-2.647550900292117e-06,-0.0026449032593518496,998
86,-0.03154279664158821,998,0.0002945585517435013,-2.4448013391520362e-06,-0.0024423564318567514,998
87,-0.030603880062699318,998,0.00029443206398378796,-2.375499434492667e-06,-0.0023731240071356297,998
88,-0.03132788836956024,998,0.00029430415073791266,-2.3184504698292585e-06,-0.002316131955012679,998
89,-0.0312104020267725,998,0.0002941748132683276,-2.21371146835736e-06,-0.00221149786375463,998
90,-0.03274672478437424,998,0.00029404405285154126,-2.0639215563278412e-06,-0.002061857609078288,998
91,-0.03134426102042198,998,0.00029391187077810625,-2.3831221369619016e-06,-0.002380738966166973,998
92,-0.03168748319149017,998,0.0002937782683526062,-2.3926088488224195e-06,-0.002390216337516904,998
93,-0.03135698288679123,998,0.0002936432468936432,-2.4474732072121697e-06,-0.002445025835186243,998
94,-0.03169369325041771,998,0.00029350680773382445,-2.51258711614355e-06,-0.0025100745260715485,998
95,-0.03020179644227028,998,0.00029336895221974935,-2.566636794654187e-06,-0.0025640700478106737,998
96,-0.029752103611826897,998,0.0002932296817119963,-2.5092090254474897e-06,-0.0025066998787224293,998
97,-0.02978168986737728,998,0.00029308899758510886,-2.4634466626594076e-06,-0.0024609831161797047,998
98,-0.030261710286140442,998,0.00029294690122758267,-2.4577807380410377e-06,-0.002455323003232479,998
99,-0.031140359118580818,998,0.00029280339404185135,-2.4522378225810826e-06,-0.002449785592034459,998
100,-0.03189195692539215,998,0.0002926584774442729,nan,nan,nan
101,-0.028932703658938408,998,0.0002925121528651156,nan,nan,nan
102,-0.032015103846788406,998,0.00029236442174854406,nan,nan,nan
103,-0.03025246039032936,998,0.00029221528555260464,nan,nan,nan
104,-0.030440060421824455,998,0.00029206474574921144,nan,nan,nan
105,-0.03165276348590851,998,0.0002919128038241316,nan,nan,nan
106,-0.029921870678663254,998,0.00029175946127697056,nan,nan,nan
107,-0.03165721893310547,998,0.0002916047196211573,nan,nan,nan
108,-0.03079926036298275,998,0.00029144858038392953,nan,nan,nan
109,-0.03052951768040657,998,0.0002912910451063184,nan,nan,nan
110,-0.03119032084941864,998,0.0002911321153431337,nan,nan,nan
111,-0.030745279043912888,998,0.0002909717926629478,nan,nan,nan
112,-0.03054061345756054,998,0.000290810078648081,nan,nan,nan
113,-0.03161091357469559,998,0.00029064697489458523,nan,nan,nan
114,-0.030703969299793243,998,0.0002904824830122288,nan,nan,nan
115,-0.029949530959129333,998,0.00029031660462448003,nan,nan,nan
116,-0.03263942152261734,998,0.0002901493413684917,nan,nan,nan
117,-0.03010249324142933,998,0.00028998069489508463,nan,nan,nan
118,-0.03144015371799469,998,0.0002898106668687315,nan,nan,nan
119,-0.031328003853559494,998,0.00028963925896754024,nan,nan,nan
120,-0.02988814003765583,998,0.0002894664728832376,nan,nan,nan
121,-0.031222721561789513,998,0.0002892923103211525,nan,nan,nan
122,-0.03028130531311035,998,0.0002891167730001991,nan,nan,nan
123,-0.03133104741573334,998,0.0002889398626528599,nan,nan,nan
124,-0.03191601485013962,998,0.0002887615810251686,nan,nan,nan
125,-0.030812714248895645,998,0.0002885819298766929,nan,nan,nan
126,-0.031440574675798416,998,0.0002884009109805171,nan,nan,nan
127,-0.032469332218170166,998,0.00028821852612322466,nan,nan,nan
128,-0.031092679128050804,998,0.00028803477710488045,nan,nan,nan
129,-0.032196294516325,998,0.0002878496657390131,nan,nan,nan
130,-0.031866393983364105,998,0.0002876631938525971,nan,nan,nan
131,-0.030877524986863136,998,0.0002874753632860346,nan,nan,nan
132,-0.03183910995721817,998,0.00028728617589313755,nan,nan,nan
133,-0.03212028741836548,998,0.0002870956335411091,nan,nan,nan
134,-0.02953389100730419,998,0.00028690373811052536,nan,nan,nan
135,-0.029780859127640724,998,0.00028671049149531675,nan,nan,nan
136,-0.03145906701683998,998,0.0002865158956027493,nan,nan,nan
137,-0.03021676279604435,998,0.000286319952353406,nan,nan,nan
138,-0.02941451035439968,998,0.00028612266368116746,nan,nan,nan
139,-0.030230622738599777,998,0.00028592403153319344,nan,nan,nan
140,-0.029001986607909203,998,0.0002857240578699029,nan,nan,nan
141,-0.030569005757570267,998,0.0002855227446649552,nan,nan,nan
142,-0.030151043087244034,998,0.00028532009390523037,nan,nan,nan
143,-0.031405072659254074,998,0.00028511610759080966,nan,nan,nan
144,-0.03016965463757515,998,0.00028491078773495564,nan,nan,nan
145,-0.031088076531887054,998,0.0002847041363640923,nan,nan,nan
146,-0.030524734407663345,998,0.0002844961555177854,nan,nan,nan
147,-0.0303623266518116,998,0.0002842868472487218,nan,nan,nan
148,-0.030664654448628426,998,0.0002840762136226896,nan,nan,nan
149,-0.030044052749872208,998,0.00028386425671855775,nan,nan,nan
150,-0.030499456450343132,998,0.00028365097862825524,nan,nan,nan
151,-0.0320620983839035,998,0.00028343638145675076,nan,nan,nan
152,-0.030428633093833923,998,0.0002832204673220317,nan,nan,nan
153,-0.032462023198604584,998,0.00028300323835508354,nan,nan,nan
154,-0.03069695085287094,998,0.0002827846966998683,nan,nan,nan
155,-0.029312629252672195,998,0.0002825648445133041,nan,nan,nan
156,-0.031013688072562218,998,0.00028234368396524306,nan,nan,nan
157,-0.033074647188186646,998,0.0002821212172384506,nan,nan,nan
158,-0.030904019251465797,998,0.0002818974465285835,nan,nan,nan
159,-0.029478419572114944,998,0.00028167237404416837,nan,nan,nan
160,-0.03159823641180992,998,0.0002814460020065796,nan,nan,nan
161,-0.030511002987623215,998,0.000281218332650018,nan,nan,nan
162,-0.03051101230084896,998,0.0002809893682214881,nan,nan,nan
163,0.06699217110872269,869,0.00028075911098077643,nan,nan,nan
164,-0.03030898980796337,998,0.0002805275632004289,nan,nan,nan
165,-0.03217991441488266,998,0.0002802947271657288,nan,nan,nan
166,-0.03102518990635872,998,0.00028006060517467356,nan,nan,nan
167,-0.03062072955071926,998,0.0002798251995379529,nan,nan,nan
168,-0.03046240471303463,998,0.0002795885125789253,nan,nan,nan
169,-0.03238300606608391,998,0.00027935054663359563,nan,nan,nan
170,-0.03079206496477127,998,0.0002791113040505916,nan,nan,nan
171,-0.02963264286518097,998,0.0002788707871911409,nan,nan,nan
172,-0.033125393092632294,998,0.0002786289984290479,nan,nan,nan
173,-0.031204646453261375,998,0.00027838594015067,nan,nan,nan
174,-0.032356251031160355,998,0.0002781416147548943,nan,nan,nan
175,-0.031991131603717804,998,0.0002778960246531139,nan,nan,nan
176,-0.031966112554073334,998,0.0002776491722692038,nan,nan,nan
177,-0.030981160700321198,998,0.0002774010600394975,nan,nan,nan
178,-0.029387423768639565,998,0.0002771516904127625,nan,nan,nan
179,-0.030660578981041908,998,0.00027690106585017636,nan,nan,nan
180,-0.03019513376057148,998,0.0002766491888253023,nan,nan,nan
181,-0.03037583827972412,998,0.0002763960618240649,nan,nan,nan
182,-0.03188832476735115,998,0.00027614168734472545,nan,nan,nan
183,-0.029920615255832672,998,0.0002758860678978573,nan,nan,nan
184,-0.0316331684589386,998,0.0002756292060063214,nan,nan,nan
185,-0.0314619354903698,998,0.00027537110420524063,nan,nan,nan
186,-0.031567543745040894,998,0.00027511176504197576,nan,nan,nan
187,-0.03253784775733948,998,0.0002748511910760996,nan,nan,nan
188,-0.028938401490449905,998,0.000274589384879372,nan,nan,nan
189,-0.0309134591370821,998,0.00027432634903571437,nan,nan,nan
190,-0.03105376474559307,998,0.00027406208614118435,nan,nan,nan
191,-0.030074341222643852,998,0.00027379659880395003,nan,nan,nan
192,-0.03244181349873543,998,0.0002735298896442642,nan,nan,nan
193,-0.032203324139118195,998,0.00027326196129443865,nan,nan,nan
194,-0.03127976506948471,998,0.000272992816398818,nan,nan,nan
195,-0.029603522270917892,998,0.0002727224576137537,nan,nan,nan
196,-0.03140975534915924,998,0.00027245088760757775,nan,nan,nan
197,-0.03120488114655018,998,0.0002721781090605766,nan,nan,nan
198,-0.030851688235998154,998,0.00027190412466496423,nan,nan,nan
199,-0.03217558562755585,998,0.00027162893712485617,nan,nan,nan
200,-0.03162818402051926,998,0.0002713525491562423,nan,nan,nan
201,-0.03181184455752373,998,0.0002710749634869602,nan,nan,nan
202,-0.03016623668372631,998,0.00027079618285666846,nan,nan,nan
203,-0.030155368149280548,998,0.00027051621001681936,nan,nan,nan
204,-0.03178294375538826,998,0.0002702350477306317,nan,nan,nan
205,-0.03335437551140785,998,0.00026995269877306383,nan,nan,nan
206,-0.0305461622774601,998,0.00026966916593078587,nan,nan,nan
207,-0.032505884766578674,998,0.0002693844520021526,nan,nan,nan
208,-0.031663160771131516,998,0.0002690985597971755,nan,nan,nan
209,-0.02998785488307476,998,0.00026881149213749535,nan,nan,nan
210,-0.03186783194541931,998,0.0002685232518563538,nan,nan,nan
211,-0.030588237568736076,998,0.00026823384179856623,nan,nan,nan
212,-0.030638599768280983,998,0.00026794326482049304,nan,nan,nan
213,-0.0322054848074913,998,0.00026765152379001173,nan,nan,nan
214,-0.031000887975096703,998,0.00026735862158648843,nan,nan,nan
215,-0.03138304874300957,998,0.0002670645611007497,nan,nan,nan
216,-0.030943889170885086,998,0.0002667693452350538,nan,nan,nan
217,-0.03176984190940857,998,0.00026647297690306204,nan,nan,nan
218,-0.029999632388353348,998,0.00026617545902981037,nan,nan,nan
219,-0.029477033764123917,998,0.00026587679455167994,nan,nan,nan
220,-0.03053729236125946,998,0.0002655769864163686,nan,nan,nan
221,-0.030952876433730125,998,0.00026527603758286174,nan,nan,nan
222,-0.03199043497443199,998,0.00026497395102140274,nan,nan,nan
223,-0.03142411634325981,998,0.000264670729713464,nan,nan,nan
224,-0.03228670731186867,998,0.00026436637665171745,nan,nan,nan
225,-0.02926476113498211,998,0.0002640608948400049,nan,nan,nan
226,-0.03188713267445564,998,0.0002637542872933086,nan,nan,nan
227,-0.02868359535932541,998,0.0002634465570377211,nan,nan,nan
228,-0.03137722983956337,998,0.0002631377071104159,nan,nan,nan
229,-0.03171708434820175,998,0.000262827740559617,nan,nan,nan
230,-0.030943630263209343,998,0.0002625166604445692,nan,nan,nan
231,-0.03106805309653282,998,0.0002622044698355076,nan,nan,nan
232,-0.03269203007221222,998,0.0002618911718136276,nan,nan,nan
233,-0.03163718804717064,998,0.00026157676947105406,nan,nan,nan
234,-0.029633931815624237,998,0.0002612612659108112,nan,nan,nan
235,-0.029942113906145096,998,0.0002609446642467918,nan,nan,nan
236,-0.029699433594942093,998,0.00026062696760372644,nan,nan,nan
237,-0.030031047761440277,998,0.00026030817911715275,nan,nan,nan
238,-0.031528569757938385,998,0.0002599883019333844,nan,nan,nan
239,-0.031816717237234116,998,0.00025966733920948,nan,nan,nan
240,-0.030381733551621437,998,0.0002593452941132121,nan,nan,nan
241,-0.032096777111291885,998,0.0002590221698230358,nan,nan,nan
242,-0.02915927581489086,998,0.0002586979695280574,nan,nan,nan
243,-0.029248373582959175,998,0.00025837269642800287,nan,nan,nan
244,-0.03266218304634094,998,0.0002580463537331864,nan,nan,nan
245,-0.031052153557538986,998,0.00025771894466447874,nan,nan,nan
246,-0.030901364982128143,998,0.0002573904724532751,nan,nan,nan
247,-0.030020320788025856,998,0.00025706094034146364,nan,nan,nan
248,-0.030591389164328575,998,0.0002567303515813933,nan,nan,nan
249,-0.030714524909853935,998,0.0002563987094358415,nan,nan,nan
250,-0.03276795893907547,998,0.00025606601717798256,nan,nan,nan
251,-0.030450712889432907,998,0.00025573227809135463,nan,nan,nan
252,-0.03200598061084747,998,0.0002553974954698278,nan,nan,nan
253,-0.03138386458158493,998,0.00025506167261757134,nan,nan,nan
254,-0.03149597346782684,998,0.00025472481284902134,nan,nan,nan
255,-0.031000643968582153,998,0.00025438691948884753,nan,nan,nan
256,-0.030956508591771126,998,0.00025404799587192114,nan,nan,nan
257,-0.032743435353040695,998,0.0002537080453432814,nan,nan,nan
258,-0.028944000601768494,998,0.0002533670712581027,nan,nan,nan
259,-0.03198731690645218,998,0.0002530250769816617,nan,nan,nan
260,-0.028422530740499496,998,0.0002526820658893038,nan,nan,nan
261,-0.0321333222091198,998,0.00025233804136641,nan,nan,nan
262,-0.030712373554706573,998,0.0002519930068083634,nan,nan,nan
263,-0.02955777943134308,998,0.0002516469656205159,nan,nan,nan
264,-0.03099149465560913,998,0.0002512999212181542,nan,nan,nan
265,-0.0314372181892395,998,0.00025095187702646655,nan,nan,nan
266,-0.030881905928254128,998,0.00025060283648050855,nan,nan,nan
267,-0.031547389924526215,998,0.0002502528030251695,nan,nan,nan
268,-0.030772004276514053,998,0.0002499017801151383,nan,nan,nan
269,-0.03196387365460396,998,0.00024954977121486937,nan,nan,nan
270,-0.03058241680264473,998,0.00024919677979854836,nan,nan,nan
271,-0.02958149090409279,998,0.00024884280935005815,nan,nan,nan
272,-0.03172684833407402,998,0.00024848786336294405,nan,nan,nan
273,-0.030949508771300316,998,0.0002481319453403797,nan,nan,nan
274,-0.030028333887457848,998,0.0002477750587951324,nan,nan,nan
275,-0.029322434216737747,998,0.00024741720724952813,nan,nan,nan
276,-0.03155192732810974,998,0.00024705839423541724,nan,nan,nan
277,-0.02970283292233944,998,0.0002466986232941393,nan,nan,nan
278,-0.03192920237779617,998,0.00024633789797648826,nan,nan,nan
279,-0.031313858926296234,998,0.0002459762218426774,nan,nan,nan
280,-0.030744973570108414,998,0.00024561359846230407,nan,nan,nan
281,-0.03122386522591114,998,0.00024525003141431475,nan,nan,nan
282,-0.03086966462433338,998,0.00024488552428696933,nan,nan,nan
283,-0.029901493340730667,998,0.000244520080677806,nan,nan,nan
284,-0.030940717086195946,998,0.0002441537041936057,nan,nan,nan
285,-0.029768243432044983,998,0.00024378639845035644,nan,nan,nan
286,-0.03100201115012169,998,0.00024341816707321753,nan,nan,nan
287,-0.03060462698340416,998,0.00024304901369648406,nan,nan,nan
288,-0.03174450621008873,998,0.00024267894196355078,nan,nan,nan
289,-0.03179747983813286,998,0.00024230795552687636,nan,nan,nan
290,-0.03208329901099205,998,0.00024193605804794711,nan,nan,nan
291,-0.03045128844678402,998,0.00024156325319724098,nan,nan,nan
292,-0.031374573707580566,998,0.00024118954465419146,nan,nan,nan
293,-0.031348977237939835,998,0.00024081493610715084,nan,nan,nan
294,-0.03231886401772499,998,0.00024043943125335435,nan,nan,nan
295,-0.031413719058036804,998,0.00024006303379888323,nan,nan,nan
296,-0.031205879524350166,998,0.00023968574745862847,nan,nan,nan
297,-0.03000594675540924,998,0.00023930757595625385,nan,nan,nan
298,-0.030821917578577995,998,0.00023892852302415953,nan,nan,nan
299,-0.031246686354279518,998,0.00023854859240344481,nan,nan,nan
300,-0.031053688377141953,998,0.0002381677878438716,nan,nan,nan
301,-0.030482716858386993,998,0.00023778611310382714,nan,nan,nan
302,-0.029672984033823013,998,0.00023740357195028703,nan,nan,nan
303,-0.030621007084846497,998,0.00023702016815877803,nan,nan,nan
304,-0.03118242509663105,998,0.00023663590551334076,nan,nan,nan
305,-0.03182529658079147,998,0.00023625078780649243,nan,nan,nan
306,-0.03234010562300682,998,0.00023586481883918923,nan,nan,nan
307,-0.03169859200716019,998,0.0002354780024207892,nan,nan,nan
308,-0.03092275932431221,998,0.0002350903423690141,nan,nan,nan
309,-0.029578538611531258,998,0.00023470184250991218,nan,nan,nan
310,-0.030455760657787323,998,0.0002343125066778202,nan,nan,nan
311,-0.02993631176650524,998,0.00023392233871532566,nan,nan,nan
312,-0.03182641789317131,998,0.00023353134247322882,nan,nan,nan
313,-0.03008863516151905,998,0.00023313952181050474,nan,nan,nan
314,-0.031378697603940964,998,0.0002327468805942652,nan,nan,nan
315,-0.030324652791023254,998,0.0002323534226997204,nan,nan,nan
316,-0.029503285884857178,998,0.00023195915201014097,nan,nan,nan
317,-0.030384762212634087,998,0.00023156407241681947,nan,nan,nan
318,-0.031566500663757324,998,0.00023116818781903197,nan,nan,nan
319,-0.030483100563287735,998,0.0002307715021239996,nan,nan,nan
320,-0.03141703084111214,998,0.00023037401924685009,nan,nan,nan
321,-0.03070615604519844,998,0.0002299757431105789,nan,nan,nan
322,-0.030529284849762917,998,0.0002295766776460107,nan,nan,nan
323,-0.03219142556190491,998,0.00022917682679176056,nan,nan,nan
324,-0.030375804752111435,998,0.00022877619449419495,nan,nan,nan
325,-0.030793942511081696,998,0.00022837478470739292,nan,nan,nan
326,-0.031248610466718674,998,0.000227972601393107,nan,nan,nan
327,-0.030959196388721466,998,0.00022756964852072419,nan,nan,nan
328,-0.03092893213033676,998,0.00022716593006722661,nan,nan,nan
329,-0.03006317839026451,998,0.00022676145001715236,nan,nan,nan
330,-0.030368229374289513,998,0.0002263562123625563,nan,nan,nan
331,-0.031165504828095436,998,0.00022595022110297048,nan,nan,nan
332,-0.029765954241156578,998,0.0002255434802453647,nan,nan,nan
333,-0.03152509778738022,998,0.0002251359938041071,nan,nan,nan
334,-0.03216364234685898,998,0.00022472776580092423,nan,nan,nan
335,-0.031895704567432404,998,0.00022431880026486175,nan,nan,nan
336,-0.030933454632759094,998,0.00022390910123224435,nan,nan,nan
337,-0.03174738958477974,998,0.00022349867274663613,nan,nan,nan
338,-0.030864140018820763,998,0.00022308751885880045,nan,nan,nan
339,-0.03198734298348427,998,0.0002226756436266603,nan,nan,nan
340,-0.03260425105690956,998,0.00022226305111525786,nan,nan,nan
341,-0.03144223242998123,998,0.00022184974539671474,nan,nan,nan
342,-0.03202195465564728,998,0.00022143573055019146,nan,nan,nan
343,-0.03123905137181282,998,0.00022102101066184742,nan,nan,nan
344,-0.02925693430006504,998,0.00022060558982480048,nan,nan,nan
345,-0.030917668715119362,998,0.00022018947213908662,nan,nan,nan
346,-0.03226391598582268,998,0.00021977266171161933,nan,nan,nan
347,-0.03061051294207573,998,0.0002193551626561493,nan,nan,nan
348,-0.03130266070365906,998,0.00021893697909322377,nan,nan,nan
349,-0.03188520669937134,998,0.00021851811515014548,nan,nan,nan
350,-0.031118789687752724,998,0.00021809857496093258,nan,nan,nan
351,-0.0314086452126503,998,0.00021767836266627734,nan,nan,nan
352,-0.030593501403927803,998,0.00021725748241350546,nan,nan,nan
353,-0.030941419303417206,998,0.00021683593835653502,nan,nan,nan
354,-0.029796797782182693,998,0.00021641373465583583,nan,nan,nan
355,-0.03117763064801693,998,0.0002159908754783879,nan,nan,nan
356,-0.031369760632514954,998,0.00021556736499764054,nan,nan,nan
357,-0.02924278937280178,998,0.00021514320739347132,nan,nan,nan
358,-0.030228085815906525,998,0.00021471840685214448,nan,nan,nan
359,-0.02936817705631256,998,0.00021429296756626988,nan,nan,nan
360,-0.02983674220740795,998,0.00021386689373476152,nan,nan,nan
361,-0.031163886189460754,998,0.00021344018956279614,nan,nan,nan
362,-0.030924959108233452,998,0.00021301285926177154,nan,nan,nan
363,-0.03179071098566055,998,0.0002125849070492654,nan,nan,nan
364,-0.03171774372458458,998,0.00021215633714899326,nan,nan,nan
365,-0.03271583095192909,998,0.0002117271537907669,nan,nan,nan
366,-0.03147842362523079,998,0.00021129736121045298,nan,nan,nan
367,-0.02929028496146202,998,0.0002108669636499306,nan,nan,nan
368,-0.03059360384941101,998,0.00021043596535705,nan,nan,nan
369,-0.031091958284378052,998,0.00021000437058559028,nan,nan,nan
370,-0.029880153015255928,998,0.0002095721835952177,nan,nan,nan
371,-0.03012106381356716,998,0.0002091394086514432,nan,nan,nan
372,-0.0314859002828598,998,0.00020870605002558094,nan,nan,nan
373,-0.030156737193465233,998,0.00020827211199470552,nan,nan,nan
374,-0.03057296946644783,998,0.00020783759884161006,nan,nan,nan
375,-0.031040750443935394,998,0.00020740251485476408,nan,nan,nan
376,-0.03133682534098625,998,0.0002069668643282708,nan,nan,nan
377,-0.030796188861131668,998,0.00020653065156182502,nan,nan,nan
378,-0.030484797433018684,998,0.00020609388086067064,nan,nan,nan
379,-0.029771070927381516,998,0.00020565655653555828,nan,nan,nan
380,-0.02956891618669033,998,0.00020521868290270228,nan,nan,nan
381,-0.029508233070373535,998,0.00020478026428373877,nan,nan,nan
382,-0.029437733814120293,998,0.00020434130500568244,nan,nan,nan
383,-0.03254649043083191,998,0.0002039018094008842,nan,nan,nan
384,-0.03181079402565956,998,0.00020346178180698818,nan,nan,nan
385,-0.03001161850988865,998,0.00020302122656688917,nan,nan,nan
386,-0.03109915554523468,998,0.00020258014802868943,nan,nan,nan
387,-0.03035280667245388,998,0.0002021385505456561,nan,nan,nan
388,-0.031117331236600876,998,0.00020169643847617815,nan,nan,nan
389,-0.03174544498324394,998,0.00020125381618372307,nan,nan,nan
390,-0.02987956628203392,998,0.0002008106880367943,nan,nan,nan
391,-0.03156200051307678,998,0.00020036705840888766,nan,nan,nan
392,-0.030727334320545197,998,0.00019992293167844856,nan,nan,nan
393,-0.030821604654192924,998,0.00019947831222882846,nan,nan,nan
394,-0.03138801455497742,998,0.00019903320444824196,nan,nan,nan
395,-0.031322211027145386,998,0.00019858761272972296,nan,nan,nan
396,-0.03280837833881378,998,0.00019814154147108193,nan,nan,nan
397,-0.029780566692352295,998,0.0001976949950748622,nan,nan,nan
398,-0.02911558747291565,998,0.00019724797794829624,nan,nan,nan
399,-0.03195545822381973,998,0.0001968004945032628,nan,nan,nan
400,-0.03170982003211975,998,0.00019635254915624265,nan,nan,nan
401,-0.031045500189065933,998,0.00019590414632827567,nan,nan,nan
402,-0.03231973201036453,998,0.00019545529044491666,nan,nan,nan
403,-0.03056514263153076,998,0.000195005985936192,nan,nan,nan
404,-0.031758155673742294,998,0.00019455623723655576,nan,nan,nan
405,-0.031185651198029518,998,0.00019410604878484613,nan,nan,nan
406,-0.032890114933252335,998,0.00019365542502424132,nan,nan,nan
407,-0.0312512069940567,998,0.00019320437040221589,nan,nan,nan
408,-0.03204669430851936,998,0.00019275288937049695,nan,nan,nan
409,-0.03235061466693878,998,0.00019230098638501995,nan,nan,nan
410,-0.032219771295785904,998,0.00019184866590588495,nan,nan,nan
411,-0.02965313196182251,998,0.00019139593239731243,nan,nan,nan
412,-0.03078618273139,998,0.00019094279032759936,nan,nan,nan
413,-0.031184503808617592,998,0.00019048924416907497,nan,nan,nan
414,-0.03210832178592682,998,0.00019003529839805688,nan,nan,nan
415,-0.033379457890987396,998,0.0001895809574948065,nan,nan,nan
416,-0.03139050304889679,998,0.00018912622594348505,nan,nan,nan
417,-0.03123319149017334,998,0.00018867110823210954,nan,nan,nan
418,-0.030420523136854172,998,0.0001882156088525079,nan,nan,nan
419,-0.030949272215366364,998,0.0001877597323002751,nan,nan,nan
420,-0.03189070522785187,998,0.00018730348307472873,nan,nan,nan
421,-0.030751196667551994,998,0.0001868468656788645,nan,nan,nan
422,-0.032153788954019547,998,0.00018638988461931163,nan,nan,nan
423,-0.03131246194243431,998,0.00018593254440628883,nan,nan,nan
424,-0.030923012644052505,998,0.00018547484955355926,nan,nan,nan
425,-0.029970329254865646,998,0.00018501680457838637,nan,nan,nan
426,-0.029924141243100166,998,0.00018455841400148913,nan,nan,nan
427,-0.03032071515917778,998,0.0001840996823469975,nan,nan,nan
428,-0.029867446050047874,998,0.00018364061414240772,nan,nan,nan
429,-0.028291253373026848,998,0.0001831812139185376,nan,nan,nan
430,-0.02972983941435814,998,0.00018272148620948194,nan,nan,nan
431,-0.03155885636806488,998,0.00018226143555256753,nan,nan,nan
432,-0.03143439069390297,998,0.00018180106648830874,nan,nan,nan
433,-0.0321648009121418,998,0.00018134038356036226,nan,nan,nan
434,-0.03132995590567589,998,0.00018087939131548273,nan,nan,nan
435,-0.030935313552618027,998,0.0001804180943034774,nan,nan,nan
436,-0.03090675361454487,998,0.0001799564970771616,nan,nan,nan
437,-0.03127020224928856,998,0.00017949460419231352,nan,nan,nan
438,-0.029860354959964752,998,0.00017903242020762957,nan,nan,nan
439,-0.030543437227606773,998,0.00017856994968467905,nan,nan,nan
440,-0.030045490711927414,998,0.00017810719718785922,nan,nan,nan
441,-0.032237689942121506,998,0.00017764416728435054,nan,nan,nan
442,-0.03141273558139801,998,0.0001771808645440711,nan,nan,nan
443,-0.029757514595985413,998,0.000176717293539632,nan,nan,nan
444,-0.03178294375538826,998,0.00017625345884629193,nan,nan,nan
445,-0.030758531764149666,998,0.00017578936504191196,nan,nan,nan
446,-0.030113331973552704,998,0.0001753250167069106,nan,nan,nan
447,-0.030748821794986725,998,0.00017486041842421847,nan,nan,nan
448,-0.030705098062753677,998,0.00017439557477923304,nan,nan,nan
449,-0.03099413588643074,998,0.0001739304903597734,nan,nan,nan
450,-0.03139686584472656,998,0.00017346516975603514,nan,nan,nan
451,-0.03203635662794113,998,0.00017299961756054457,nan,nan,nan
452,-0.031110964715480804,998,0.00017253383836811405,nan,nan,nan
453,-0.030663110315799713,998,0.00017206783677579606,nan,nan,nan
454,-0.03113708458840847,998,0.0001716016173828383,nan,nan,nan
455,-0.0312116090208292,998,0.00017113518479063786,nan,nan,nan
456,-0.030471883714199066,998,0.0001706685436026962,nan,nan,nan
457,-0.02904476784169674,998,0.00017020169842457336,nan,nan,nan
458,-0.030001617968082428,998,0.00016973465386384284,nan,nan,nan
459,-0.031089643016457558,998,0.0001692674145300459,nan,nan,nan
460,-0.029990723356604576,998,0.0001687999850346461,nan,nan,nan
461,-0.03223348408937454,998,0.00016833236999098388,nan,nan,nan
462,-0.0333380326628685,998,0.00016786457401423094,nan,nan,nan
463,-0.031112056225538254,998,0.0001673966017213447,nan,nan,nan
464,-0.030649030581116676,998,0.0001669284577310227,nan,nan,nan
465,-0.031834252178668976,998,0.00016646014666365727,nan,nan,nan
466,-0.030987434089183807,998,0.00016599167314128944,nan,nan,nan
467,-0.030368464067578316,998,0.00016552304178756385,nan,nan,nan
468,-0.03140033036470413,998,0.00016505425722768269,nan,nan,nan
469,-0.030358176678419113,998,0.0001645853240883604,nan,nan,nan
470,-0.031468600034713745,998,0.0001641162469977776,nan,nan,nan
471,-0.031082671135663986,998,0.00016364703058553595,nan,nan,nan
472,-0.03067772090435028,998,0.00016317767948261197,nan,nan,nan
473,-0.030415525659918785,998,0.00016270819832131146,nan,nan,nan
474,-0.03179676830768585,998,0.00016223859173522412,nan,nan,nan
475,-0.030583268031477928,998,0.0001617688643591772,nan,nan,nan
476,-0.03018999472260475,998,0.00016129902082919037,nan,nan,nan
477,-0.030007168650627136,998,0.00016082906578242955,nan,nan,nan
478,-0.031571995466947556,998,0.00016035900385716136,nan,nan,nan
479,-0.030374936759471893,998,0.00015988883969270712,nan,nan,nan
480,-0.03079303912818432,998,0.00015941857792939746,nan,nan,nan
481,-0.030193796381354332,998,0.00015894822320852608,nan,nan,nan
482,-0.028470110148191452,998,0.00015847778017230411,nan,nan,nan
483,-0.03208969905972481,998,0.00015800725346381452,nan,nan,nan
484,-0.030541786924004555,998,0.00015753664772696587,nan,nan,nan
485,-0.03038858063519001,998,0.0001570659676064468,nan,nan,nan
486,-0.030032413080334663,998,0.00015659521774768014,nan,nan,nan
487,-0.032024651765823364,998,0.00015612440279677694,nan,nan,nan
488,-0.030324382707476616,998,0.00015565352740049058,nan,nan,nan
489,-0.029711274430155754,998,0.00015518259620617129,nan,nan,nan
490,-0.03056655451655388,998,0.00015471161386171965,nan,nan,nan
491,-0.03450837731361389,998,0.0001542405850155414,nan,nan,nan
492,-0.030693240463733673,998,0.00015376951431650106,nan,nan,nan
493,-0.0318816713988781,998,0.0001532984064138762,nan,nan,nan
494,-0.031153367832303047,998,0.00015282726595731167,nan,nan,nan
495,-0.030424417927861214,998,0.00015235609759677355,nan,nan,nan
496,-0.030182842165231705,998,0.00015188490598250334,nan,nan,nan
497,-0.031214648857712746,998,0.00015141369576497204,nan,nan,nan
498,-0.03068450838327408,998,0.0001509424715948343,nan,nan,nan
499,-0.03138154372572899,998,0.00015047123812288236,nan,nan,nan
500,-0.030964478850364685,998,0.00015000000000000042,nan,nan,nan
501,-0.03264933079481125,998,0.00014952876187711848,nan,nan,nan
502,-0.030833197757601738,998,0.00014905752840516657,nan,nan,nan
503,-0.03127877414226532,998,0.0001485863042350288,nan,nan,nan
504,-0.030065327882766724,998,0.0001481150940174975,nan,nan,nan
505,-0.03060274012386799,998,0.00014764390240322732,nan,nan,nan
506,-0.032760437577962875,998,0.00014717273404268915,nan,nan,nan
507,-0.030930999666452408,998,0.00014670159358612462,nan,nan,nan
508,-0.030812863260507584,998,0.00014623048568349978,nan,nan,nan
509,-0.03017842397093773,998,0.00014575941498445942,nan,nan,nan
510,-0.030818680301308632,998,0.00014528838613828116,nan,nan,nan
511,-0.03250677511096001,998,0.0001448174037938296,nan,nan,nan
512,-0.02997880056500435,998,0.00014434647259951023,nan,nan,nan
513,-0.02994506061077118,998,0.00014387559720322393,nan,nan,nan
514,-0.029767706990242004,998,0.00014340478225232072,nan,nan,nan
515,-0.030409714207053185,998,0.000142934032393554,nan,nan,nan
516,-0.029836764559149742,998,0.00014246335227303502,nan,nan,nan
517,-0.03050072491168976,998,0.00014199274653618638,nan,nan,nan
518,-0.030873848125338554,998,0.00014152221982769675,nan,nan,nan
519,-0.031752683222293854,998,0.00014105177679147481,nan,nan,nan
520,-0.029390187934041023,998,0.00014058142207060343,nan,nan,nan
521,-0.03181357681751251,998,0.00014011116030729373,nan,nan,nan
522,-0.0294722318649292,998,0.00013964099614283956,nan,nan,nan
523,-0.031099535524845123,998,0.00013917093421757134,nan,nan,nan
524,-0.031109482049942017,998,0.0001387009791708105,nan,nan,nan
525,-0.031204618513584137,998,0.00013823113564082369,nan,nan,nan
526,-0.028293536975979805,998,0.00013776140826477677,nan,nan,nan
527,-0.030964944511651993,998,0.00013729180167868939,nan,nan,nan
528,-0.03090498596429825,998,0.00013682232051738893,nan,nan,nan
529,-0.029156699776649475,998,0.00013635296941446492,nan,nan,nan
530,-0.03058462031185627,998,0.00013588375300222324,nan,nan,nan
531,-0.030431516468524933,998,0.0001354146759116405,nan,nan,nan
532,-0.03076159581542015,998,0.00013494574277231816,nan,nan,nan
533,-0.03114667721092701,998,0.00013447695821243701,nan,nan,nan
534,-0.030893418937921524,998,0.0001340083268587114,nan,nan,nan
535,-0.03141998499631882,998,0.0001335398533363436,nan,nan,nan
536,-0.031317636370658875,998,0.00013307154226897813,nan,nan,nan
537,-0.03195483610033989,998,0.00013260339827865617,nan,nan,nan
538,-0.030096765607595444,998,0.00013213542598576993,nan,nan,nan
539,-0.030071880668401718,998,0.00013166763000901693,nan,nan,nan
540,-0.03285941481590271,998,0.00013120001496535474,nan,nan,nan
541,-0.030106374993920326,998,0.00013073258546995495,nan,nan,nan
542,-0.029713962227106094,998,0.000130265346136158,nan,nan,nan
543,-0.029887767508625984,998,0.00012979830157542748,nan,nan,nan
544,-0.031895168125629425,998,0.00012933145639730466,nan,nan,nan
545,-0.030990369617938995,998,0.00012886481520936298,nan,nan,nan
546,-0.030641676858067513,998,0.00012839838261716253,nan,nan,nan
547,-0.03161279484629631,998,0.00012793216322420478,nan,nan,nan
548,-0.03109574131667614,998,0.0001274661616318868,nan,nan,nan
549,-0.031028293073177338,998,0.0001270003824394563,nan,nan,nan
550,-0.031456589698791504,998,0.00012653483024396576,nan,nan,nan
551,-0.03206813707947731,998,0.00012606950964022743,nan,nan,nan
552,-0.032014261931180954,998,0.00012560442522076783,nan,nan,nan
553,-0.03068828396499157,998,0.00012513958157578243,nan,nan,nan
554,-0.03143113851547241,998,0.00012467498329309028,nan,nan,nan
555,-0.03028104640543461,998,0.0001242106349580889,nan,nan,nan
556,-0.030212324112653732,998,0.00012374654115370897,nan,nan,nan
557,-0.02997938171029091,998,0.0001232827064603688,nan,nan,nan
558,-0.03199707716703415,998,0.00012281913545592976,nan,nan,nan
559,-0.030984321609139442,998,0.00012235583271565036,nan,nan,nan
560,-0.029477588832378387,998,0.00012189280281214165,nan,nan,nan
561,-0.03106328845024109,998,0.00012143005031532186,nan,nan,nan
562,-0.029404383152723312,998,0.00012096757979237134,nan,nan,nan
563,-0.03145378828048706,998,0.00012050539580768732,nan,nan,nan
564,-0.029587671160697937,998,0.00012004350292283931,nan,nan,nan
565,-0.033494673669338226,998,0.00011958190569652348,nan,nan,nan
566,-0.030480854213237762,998,0.00011912060868451812,nan,nan,nan
567,-0.030198855325579643,998,0.0001186596164396386,nan,nan,nan
568,-0.030776221305131912,998,0.00011819893351169215,nan,nan,nan
569,-0.03277277573943138,998,0.00011773856444743334,nan,nan,nan
570,-0.030674627050757408,998,0.00011727851379051896,nan,nan,nan
571,-0.03143369406461716,998,0.0001168187860814633,nan,nan,nan
572,-0.03148530796170235,998,0.00011635938585759314,nan,nan,nan
573,-0.030384326353669167,998,0.00011590031765300339,nan,nan,nan
574,-0.029859056696295738,998,0.00011544158599851175,nan,nan,nan
575,-0.0313243642449379,998,0.00011498319542161453,nan,nan,nan
576,-0.03201156482100487,998,0.00011452515044644162,nan,nan,nan
577,-0.03058239258825779,998,0.00011406745559371205,nan,nan,nan
578,-0.030608195811510086,998,0.0001136101153806892,nan,nan,nan
579,-0.03173800930380821,998,0.00011315313432113637,nan,nan,nan
580,-0.03073345310986042,998,0.00011269651692527212,nan,nan,nan
581,-0.030001137405633926,998,0.00011224026769972573,nan,nan,nan
582,-0.03148934990167618,998,0.00011178439114749302,nan,nan,nan
583,-0.032511092722415924,998,0.00011132889176789134,nan,nan,nan
584,-0.031740352511405945,998,0.00011087377405651578,nan,nan,nan
585,-0.031772688031196594,998,0.00011041904250519438,nan,nan,nan
586,-0.029732856899499893,998,0.000109964701601944,nan,nan,nan
587,-0.030010588467121124,998,0.00010951075583092586,nan,nan,nan
588,-0.03249841555953026,998,0.00010905720967240151,nan,nan,nan
589,-0.03044210560619831,998,0.00010860406760268848,nan,nan,nan
590,-0.0316266268491745,998,0.0001081513340941159,nan,nan,nan
591,-0.03054482489824295,998,0.00010769901361498091,nan,nan,nan
592,-0.03254543989896774,998,0.00010724711062950389,nan,nan,nan
593,-0.030280068516731262,998,0.00010679562959778494,nan,nan,nan
594,-0.031073376536369324,998,0.00010634457497575953,nan,nan,nan
595,-0.03059425950050354,998,0.00010589395121515474,nan,nan,nan
596,-0.033396169543266296,998,0.00010544376276344506,nan,nan,nan
597,-0.02987484633922577,998,0.00010499401406380888,nan,nan,nan
598,-0.03177597373723984,998,0.00010454470955508421,nan,nan,nan
599,-0.030329247936606407,998,0.00010409585367172516,nan,nan,nan
600,-0.0309942364692688,998,0.00010364745084375819,nan,nan,nan
601,-0.03065149113535881,998,0.00010319950549673808,nan,nan,nan
602,-0.030959807336330414,998,0.00010275202205170457,nan,nan,nan
603,-0.031209178268909454,998,0.00010230500492513864,nan,nan,nan
604,-0.0323140025138855,998,0.00010185845852891888,nan,nan,nan
605,-0.030813246965408325,998,0.00010141238727027787,nan,nan,nan
606,-0.03204870596528053,998,0.00010096679555175893,nan,nan,nan
607,-0.031411509960889816,998,0.00010052168777117237,nan,nan,nan
608,-0.029507450759410858,998,0.00010007706832155231,nan,nan,nan
609,-0.03030415251851082,998,9.96329415911132e-05,nan,nan,nan
610,-0.03108523041009903,998,9.918931196320658e-05,nan,nan,nan
611,-0.032109335064888,998,9.874618381627778e-05,nan,nan,nan
612,-0.03052261471748352,998,9.830356152382272e-05,nan,nan,nan
613,-0.030945826321840286,998,9.786144945434474e-05,nan,nan,nan
614,-0.030525613576173782,998,9.741985197131142e-05,nan,nan,nan
615,-0.03015468455851078,998,9.697877343311174e-05,nan,nan,nan
616,-0.030224140733480453,998,9.653821819301269e-05,nan,nan,nan
617,-0.028506696224212646,998,9.60981905991167e-05,nan,nan,nan
618,-0.03032880648970604,998,9.565869499431844e-05,nan,nan,nan
619,-0.031258922070264816,998,9.521973571626212e-05,nan,nan,nan
620,-0.029825430363416672,998,9.478131709729859e-05,nan,nan,nan
621,-0.03190057724714279,998,9.43434434644426e-05,nan,nan,nan
622,-0.030629076063632965,998,9.390611913933022e-05,nan,nan,nan
623,-0.030063163489103317,998,9.346934843817584e-05,nan,nan,nan
624,-0.029518166556954384,998,9.30331356717301e-05,nan,nan,nan
625,-0.0309994388371706,998,9.259748514523679e-05,nan,nan,nan
626,-0.032164257019758224,998,9.216240115839078e-05,nan,nan,nan
627,-0.03133769705891609,998,9.172788800529535e-05,nan,nan,nan
628,-0.03152415156364441,998,9.129394997441992e-05,nan,nan,nan
629,-0.031394630670547485,998,9.08605913485576e-05,nan,nan,nan
630,-0.031051956117153168,998,9.042781640478314e-05,nan,nan,nan
631,-0.032092638313770294,998,8.999562941441056e-05,nan,nan,nan
632,-0.031611423939466476,998,8.956403464295085e-05,nan,nan,nan
633,-0.030873537063598633,998,8.913303635007027e-05,nan,nan,nan
634,-0.030805453658103943,998,8.87026387895479e-05,nan,nan,nan
635,-0.031206224113702774,998,8.827284620923392e-05,nan,nan,nan
636,-0.03175829350948334,998,8.784366285100762e-05,nan,nan,nan
637,-0.0321010947227478,998,8.741509295073548e-05,nan,nan,nan
638,-0.032872822135686874,998,8.69871407382293e-05,nan,nan,nan
639,-0.03156277909874916,998,8.655981043720477e-05,nan,nan,nan
640,-0.03065520152449608,998,8.613310626523933e-05,nan,nan,nan
641,-0.030409332364797592,998,8.570703243373099e-05,nan,nan,nan
642,-0.0293416865170002,998,8.528159314785643e-05,nan,nan,nan
643,-0.03134815767407417,998,8.485679260652954e-05,nan,nan,nan
644,-0.031052853912115097,998,8.443263500236033e-05,nan,nan,nan
645,-0.03169083222746849,998,8.400912452161294e-05,nan,nan,nan
646,-0.029971148818731308,998,8.358626534416503e-05,nan,nan,nan
647,-0.031701210886240005,998,8.316406164346578e-05,nan,nan,nan
648,-0.03059959039092064,998,8.274251758649542e-05,nan,nan,nan
649,-0.029852377250790596,998,8.232163733372345e-05,nan,nan,nan
650,-0.03001149743795395,998,8.19014250390682e-05,nan,nan,nan
651,-0.02986949495971203,998,8.148188484985534e-05,nan,nan,nan
652,-0.03145476430654526,998,8.106302090677705e-05,nan,nan,nan
653,-0.030204154551029205,998,8.064483734385141e-05,nan,nan,nan
654,-0.032875463366508484,998,8.022733828838145e-05,nan,nan,nan
655,-0.03225557878613472,998,7.981052786091422e-05,nan,nan,nan
656,-0.03184228017926216,998,7.939441017520037e-05,nan,nan,nan
657,-0.031109876930713654,998,7.897898933815338e-05,nan,nan,nan
658,-0.03120698779821396,998,7.856426944980931e-05,nan,nan,nan
659,-0.03202779218554497,998,7.815025460328605e-05,nan,nan,nan
660,-0.030338618904352188,998,7.773694888474294e-05,nan,nan,nan
661,-0.0298311710357666,998,7.73243563733405e-05,nan,nan,nan
662,-0.03251466155052185,998,7.691248114120038e-05,nan,nan,nan
663,-0.028563860803842545,998,7.650132725336477e-05,nan,nan,nan
664,-0.030373018234968185,998,7.609089876775644e-05,nan,nan,nan
665,-0.02952279895544052,998,7.568119973513907e-05,nan,nan,nan
666,-0.03022831678390503,998,7.527223419907659e-05,nan,nan,nan
667,-0.03129813075065613,998,7.486400619589377e-05,nan,nan,nan
668,-0.030547702684998512,998,7.445651975463609e-05,nan,nan,nan
669,-0.030613087117671967,998,7.404977889703036e-05,nan,nan,nan
670,-0.0307040736079216,998,7.364378763744451e-05,nan,nan,nan
671,-0.031049475073814392,998,7.323854998284848e-05,nan,nan,nan
672,-0.030434105545282364,998,7.283406993277423e-05,nan,nan,nan
673,-0.0322713740170002,998,7.243035147927663e-05,nan,nan,nan
674,-0.031644076108932495,998,7.202739860689381e-05,nan,nan,nan
675,-0.031267132610082626,998,7.162521529260787e-05,nan,nan,nan
676,-0.03213811293244362,998,7.122380550580582e-05,nan,nan,nan
677,-0.03185682371258736,998,7.082317320824024e-05,nan,nan,nan
678,-0.03035435825586319,998,7.042332235399013e-05,nan,nan,nan
679,-0.028901807963848114,998,7.00242568894219e-05,nan,nan,nan
680,-0.03034922480583191,998,6.962598075315073e-05,nan,nan,nan
681,-0.03061576746404171,998,6.92284978760012e-05,nan,nan,nan
682,-0.030084064230322838,998,6.883181218096882e-05,nan,nan,nan
683,-0.03135053813457489,998,6.843592758318129e-05,nan,nan,nan
684,-0.031268056482076645,998,6.804084798985983e-05,nan,nan,nan
685,-0.030610406771302223,998,6.764657730028044e-05,nan,nan,nan
686,-0.03080523945391178,998,6.725311940573564e-05,nan,nan,nan
687,-0.03160511702299118,998,6.686047818949608e-05,nan,nan,nan
688,-0.030490143224596977,998,6.646865752677195e-05,nan,nan,nan
689,-0.030769115313887596,998,6.607766128467513e-05,nan,nan,nan
690,-0.03097943402826786,998,6.568749332218056e-05,nan,nan,nan
691,-0.02864319458603859,998,6.529815749008862e-05,nan,nan,nan
692,-0.03045716881752014,998,6.490965763098672e-05,nan,nan,nan
693,-0.031452201306819916,998,6.452199757921166e-05,nan,nan,nan
694,-0.03129030391573906,998,6.413518116081151e-05,nan,nan,nan
695,-0.03205062448978424,998,6.374921219350837e-05,nan,nan,nan
696,-0.030760493129491806,998,6.336409448666004e-05,nan,nan,nan
697,-0.03094458021223545,998,6.297983184122274e-05,nan,nan,nan
698,-0.030617648735642433,998,6.259642804971377e-05,nan,nan,nan
699,-0.030887151136994362,998,6.221388689617368e-05,nan,nan,nan
700,-0.03142978996038437,998,6.18322121561292e-05,nan,nan,nan
701,-0.030084623023867607,998,6.145140759655595e-05,nan,nan,nan
702,-0.030049020424485207,998,6.107147697584127e-05,nan,nan,nan
703,-0.029924556612968445,998,6.069242404374694e-05,nan,nan,nan
704,-0.030103977769613266,998,6.031425254137238e-05,nan,nan,nan
705,-0.031990937888622284,998,5.993696620111757e-05,nan,nan,nan
706,-0.033212702721357346,998,5.956056874664644e-05,nan,nan,nan
707,-0.03152654320001602,998,5.918506389284996e-05,nan,nan,nan
708,-0.03160245344042778,998,5.881045534580933e-05,nan,nan,nan
709,-0.03246214985847473,998,5.8436746802759784e-05,nan,nan,nan
710,-0.030576031655073166,998,5.8063941952053707e-05,nan,nan,nan
711,-0.030833380296826363,998,5.7692044473124486e-05,nan,nan,nan
712,-0.03135782107710838,998,5.732105803644996e-05,nan,nan,nan
713,-0.03220297396183014,998,5.6950986303516746e-05,nan,nan,nan
714,-0.02895715832710266,998,5.6581832926783297e-05,nan,nan,nan
715,-0.03263045847415924,998,5.6213601549644365e-05,nan,nan,nan
716,-0.0320141538977623,998,5.584629580639509e-05,nan,nan,nan
717,-0.030827876180410385,998,5.547991932219481e-05,nan,nan,nan
718,-0.03111119568347931,998,5.511447571303148e-05,nan,nan,nan
719,-0.028966747224330902,998,5.474996858568603e-05,nan,nan,nan
720,-0.03255419433116913,998,5.4386401537696685e-05,nan,nan,nan
721,-0.02984458953142166,998,5.402377815732341e-05,nan,nan,nan
722,-0.031106624752283096,998,5.366210202351253e-05,nan,nan,nan
723,-0.030664673075079918,998,5.330137670586146e-05,nan,nan,nan
724,-0.03206528723239899,998,5.2941605764583473e-05,nan,nan,nan
725,-0.02947160229086876,998,5.2582792750472606e-05,nan,nan,nan
726,-0.029811669141054153,998,5.22249412048683e-05,nan,nan,nan
727,-0.031810589134693146,998,5.1868054659620985e-05,nan,nan,nan
728,-0.03139325603842735,998,5.151213663705669e-05,nan,nan,nan
729,-0.029840294271707535,998,5.1157190649942636e-05,nan,nan,nan
730,-0.030408453196287155,998,5.080322020145232e-05,nan,nan,nan
731,-0.03181534260511398,998,5.0450228785131336e-05,nan,nan,nan
732,-0.030231058597564697,998,5.009821988486239e-05,nan,nan,nan
733,-0.03166421502828598,998,4.97471969748312e-05,nan,nan,nan
734,-0.031943634152412415,998,4.939716351949212e-05,nan,nan,nan
735,-0.030731502920389175,998,4.9048122973534156e-05,nan,nan,nan
736,-0.030891921371221542,998,4.870007878184645e-05,nan,nan,nan
737,-0.031029148027300835,998,4.8353034379484756e-05,nan,nan,nan
738,-0.03148655593395233,998,4.800699319163724e-05,nan,nan,nan
739,-0.03117438592016697,998,4.766195863359067e-05,nan,nan,nan
740,-0.030905814841389656,998,4.731793411069687e-05,nan,nan,nan
741,-0.03240503370761871,998,4.69749230183389e-05,nan,nan,nan
742,-0.030428703874349594,998,4.663292874189783e-05,nan,nan,nan
743,-0.03130333498120308,998,4.629195465671916e-05,nan,nan,nan
744,-0.030130760744214058,998,4.595200412807939e-05,nan,nan,nan
745,-0.030413510277867317,998,4.5613080511152966e-05,nan,nan,nan
746,-0.031298164278268814,998,4.527518715097923e-05,nan,nan,nan
747,-0.0310779120773077,998,4.493832738242919e-05,nan,nan,nan
748,-0.031072948127985,998,4.46025045301727e-05,nan,nan,nan
749,-0.03236747533082962,998,4.426772190864589e-05,nan,nan,nan
750,-0.0317225456237793,998,4.3933982822017985e-05,nan,nan,nan
751,-0.031475964933633804,998,4.360129056415905e-05,nan,nan,nan
752,-0.029991628602147102,998,4.3269648418607295e-05,nan,nan,nan
753,-0.03209614008665085,998,4.293905965853692e-05,nan,nan,nan
754,-0.031370602548122406,998,4.260952754672541e-05,nan,nan,nan
755,-0.03131570667028427,998,4.2281055335521786e-05,nan,nan,nan
756,-0.031685393303632736,998,4.1953646266814054e-05,nan,nan,nan
757,-0.030830152332782745,998,4.1627303571997624e-05,nan,nan,nan
758,-0.03179632127285004,998,4.130203047194312e-05,nan,nan,nan
759,-0.03233116865158081,998,4.097783017696468e-05,nan,nan,nan
760,-0.031756334006786346,998,4.0654705886788346e-05,nan,nan,nan
761,-0.030894914641976357,998,4.033266079052048e-05,nan,nan,nan
762,-0.030700473114848137,998,4.001169806661612e-05,nan,nan,nan
763,-0.03160444274544716,998,3.969182088284771e-05,nan,nan,nan
764,-0.03133583441376686,998,3.937303239627402e-05,nan,nan,nan
765,-0.03193004056811333,998,3.9055335753208674e-05,nan,nan,nan
766,-0.03108365461230278,998,3.8738734089189224e-05,nan,nan,nan
767,-0.03155548498034477,998,3.842323052894632e-05,nan,nan,nan
768,-0.030989058315753937,998,3.8108828186372775e-05,nan,nan,nan
769,-0.03120940737426281,998,3.7795530164492744e-05,nan,nan,nan
770,-0.03281870111823082,998,3.748333955543115e-05,nan,nan,nan
771,-0.03134346380829811,998,3.71722594403834e-05,nan,nan,nan
772,-0.032054319977760315,998,3.686229288958451e-05,nan,nan,nan
773,-0.03070703148841858,998,3.655344296227932e-05,nan,nan,nan
774,-0.03013729676604271,998,3.62457127066918e-05,nan,nan,nan
775,-0.030271682888269424,998,3.593910515999544e-05,nan,nan,nan
776,-0.03153355047106743,998,3.5633623348282926e-05,nan,nan,nan
777,-0.03254289552569389,998,3.532927028653638e-05,nan,nan,nan
778,-0.03191231191158295,998,3.5026048978597585e-05,nan,nan,nan
779,-0.03173267841339111,998,3.4723962417138584e-05,nan,nan,nan
780,-0.03158620372414589,998,3.44230135836317e-05,nan,nan,nan
781,-0.030177509412169456,998,3.41232054483204e-05,nan,nan,nan
782,-0.030452925711870193,998,3.382454097019001e-05,nan,nan,nan
783,-0.031219005584716797,998,3.3527023096938315e-05,nan,nan,nan
784,-0.03188216686248779,998,3.3230654764946565e-05,nan,nan,nan
785,-0.030498752370476723,998,3.29354388992506e-05,nan,nan,nan
786,-0.031516097486019135,998,3.264137841351185e-05,nan,nan,nan
787,-0.030416063964366913,998,3.234847620998858e-05,nan,nan,nan
788,-0.02998611330986023,998,3.205673517950728e-05,nan,nan,nan
789,-0.03069320321083069,998,3.176615820143408e-05,nan,nan,nan
790,-0.03060626983642578,998,3.147674814364651e-05,nan,nan,nan
791,-0.03118048422038555,998,3.118850786250502e-05,nan,nan,nan
792,-0.03221834450960159,998,3.090144020282476e-05,nan,nan,nan
793,-0.030769117176532745,998,3.061554799784769e-05,nan,nan,nan
794,-0.03198527917265892,998,3.0330834069214437e-05,nan,nan,nan
795,-0.02980761043727398,998,3.004730122693653e-05,nan,nan,nan
796,-0.0314427986741066,998,2.9764952269368555e-05,nan,nan,nan
797,-0.030244745314121246,998,2.9483789983180924e-05,nan,nan,nan
798,-0.030685516074299812,998,2.920381714333178e-05,nan,nan,nan
799,-0.030565861612558365,998,2.892503651304005e-05,nan,nan,nan
800,-0.03059546835720539,998,2.8647450843757962e-05,nan,nan,nan
801,-0.03102990612387657,998,2.8371062875144066e-05,nan,nan,nan
802,-0.03051338531076908,998,2.809587533503597e-05,nan,nan,nan
803,-0.031121255829930305,998,2.7821890939423637e-05,nan,nan,nan
804,-0.031792767345905304,998,2.754911239242247e-05,nan,nan,nan
805,-0.031223364174365997,998,2.7277542386246566e-05,nan,nan,nan
806,-0.03118089959025383,998,2.7007183601182235e-05,nan,nan,nan
807,-0.031879521906375885,998,2.6738038705561536e-05,nan,nan,nan
808,-0.02925679087638855,998,2.6470110355735938e-05,nan,nan,nan
809,-0.0313434898853302,998,2.620340119605012e-05,nan,nan,nan
810,-0.0316484197974205,998,2.59379138588158e-05,nan,nan,nan
811,-0.030170077458024025,998,2.567365096428577e-05,nan,nan,nan
812,-0.03164990618824959,998,2.5410615120628172e-05,nan,nan,nan
813,-0.031545240432024,998,2.5148808923900568e-05,nan,nan,nan
814,-0.030957456678152084,998,2.488823495802435e-05,nan,nan,nan
815,-0.03257707133889198,998,2.4628895794759512e-05,nan,nan,nan
816,-0.03224658593535423,998,2.4370793993678804e-05,nan,nan,nan
817,-0.03211470693349838,998,2.411393210214282e-05,nan,nan,nan
818,-0.03141457214951515,998,2.3858312655274698e-05,nan,nan,nan
819,-0.03015228919684887,998,2.3603938175935245e-05,nan,nan,nan
820,-0.031078437343239784,998,2.335081117469779e-05,nan,nan,nan
821,-0.03228720277547836,998,2.3098934149823736e-05,nan,nan,nan
822,-0.032387714833021164,998,2.2848309587237562e-05,nan,nan,nan
823,-0.030347712337970734,998,2.2598939960502577e-05,nan,nan,nan
824,-0.030871812254190445,998,2.2350827730796286e-05,nan,nan,nan
825,-0.029546940699219704,998,2.2103975346886218e-05,nan,nan,nan
826,-0.03183083236217499,998,2.1858385245105754e-05,nan,nan,nan
827,-0.03143754601478577,998,2.1614059849330095e-05,nan,nan,nan
828,-0.03155785799026489,998,2.137100157095223e-05,nan,nan,nan
829,-0.0301178190857172,998,2.1129212808859175e-05,nan,nan,nan
830,-0.031653426587581635,998,2.0888695949408512e-05,nan,nan,nan
831,-0.031497277319431305,998,2.064945336640448e-05,nan,nan,nan
832,-0.03167886286973953,998,2.041148742107472e-05,nan,nan,nan
833,-0.03219214081764221,998,2.017480046204719e-05,nan,nan,nan
834,-0.03118090331554413,998,1.9939394825326537e-05,nan,nan,nan
835,-0.03204691410064697,998,1.970527283427138e-05,nan,nan,nan
836,-0.031686071306467056,998,1.947243679957119e-05,nan,nan,nan
837,-0.030965814366936684,998,1.9240889019223725e-05,nan,nan,nan
838,-0.031705088913440704,998,1.901063177851202e-05,nan,nan,nan
839,-0.029595475643873215,998,1.8781667349982135e-05,nan,nan,nan
840,-0.031406741589307785,998,1.8553997993420502e-05,nan,nan,nan
841,-0.03201054036617279,998,1.83276259558318e-05,nan,nan,nan
842,-0.030909353867173195,998,1.8102553471416624e-05,nan,nan,nan
843,-0.03146571293473244,998,1.78787827615495e-05,nan,nan,nan
844,-0.03038676455616951,998,1.765631603475703e-05,nan,nan,nan
845,-0.030150599777698517,998,1.743515548669602e-05,nan,nan,nan
846,-0.029771985486149788,998,1.721530330013177e-05,nan,nan,nan
847,-0.03209339827299118,998,1.6996761644916557e-05,nan,nan,nan
848,-0.030742015689611435,998,1.6779532677968364e-05,nan,nan,nan
849,-0.03049381822347641,998,1.6563618543249366e-05,nan,nan,nan
850,-0.031897686421871185,998,1.6349021371744864e-05,nan,nan,nan
851,-0.030233129858970642,998,1.613574328144233e-05,nan,nan,nan
852,-0.03112199157476425,998,1.5923786377310464e-05,nan,nan,nan
853,-0.031019601970911026,998,1.5713152751278294e-05,nan,nan,nan
854,-0.031015653163194656,998,1.5503844482214647e-05,nan,nan,nan
855,-0.030355915427207947,998,1.5295863635907697e-05,nan,nan,nan
856,-0.032045867294073105,998,1.5089212265044367e-05,nan,nan,nan
857,-0.031773414462804794,998,1.488389240919032e-05,nan,nan,nan
858,-0.031886495649814606,998,1.4679906094769603e-05,nan,nan,nan
859,-0.03188294172286987,998,1.4477255335044805e-05,nan,nan,nan
860,-0.030360326170921326,998,1.4275942130097127e-05,nan,nan,nan
861,-0.03154686838388443,998,1.4075968466806577e-05,nan,nan,nan
862,-0.03067615069448948,998,1.3877336318832478e-05,nan,nan,nan
863,-0.030526477843523026,998,1.3680047646594006e-05,nan,nan,nan
864,-0.03015800565481186,998,1.3484104397250678e-05,nan,nan,nan
865,-0.031753309071063995,998,1.3289508504683232e-05,nan,nan,nan
866,-0.031244779005646706,998,1.3096261889474612e-05,nan,nan,nan
867,-0.031029773876070976,998,1.2904366458890862e-05,nan,nan,nan
868,-0.03063051775097847,998,1.2713824106862394e-05,nan,nan,nan
869,-0.03152354061603546,998,1.252463671396532e-05,nan,nan,nan
870,-0.030877312645316124,998,1.233680614740285e-05,nan,nan,nan
871,-0.03275497257709503,998,1.2150334260986837e-05,nan,nan,nan
872,-0.030800435692071915,998,1.1965222895119496e-05,nan,nan,nan
873,-0.032105933874845505,998,1.1781473876775264e-05,nan,nan,nan
874,-0.03197534382343292,998,1.1599089019482786e-05,nan,nan,nan
875,-0.03080175630748272,998,1.1418070123307009e-05,nan,nan,nan
876,0.06770009547472,775,1.1238418974831296e-05,nan,nan,nan
877,-0.030573194846510887,998,1.1060137347140028e-05,nan,nan,nan
878,-0.031012170016765594,998,1.088322699980083e-05,nan,nan,nan
879,-0.031089678406715393,998,1.0707689678847451e-05,nan,nan,nan
880,-0.03035755082964897,998,1.05335271167623e-05,nan,nan,nan
881,-0.03082248382270336,998,1.0360741032459654e-05,nan,nan,nan
882,-0.03177174925804138,998,1.0189333131268375e-05,nan,nan,nan
883,-0.03164257854223251,998,1.0019305104915255e-05,nan,nan,nan
884,-0.03147215023636818,998,9.850658631508215e-06,nan,nan,nan
885,-0.03171418979763985,998,9.683395375519927e-06,nan,nan,nan
886,-0.030899709090590477,998,9.517516987771173e-06,nan,nan,nan
887,-0.0302785262465477,998,9.353025105414651e-06,nan,nan,nan
888,-0.030798157677054405,998,9.189921351918905e-06,nan,nan,nan
889,-0.031246699392795563,998,9.028207337052067e-06,nan,nan,nan
890,-0.031267810612916946,998,8.867884656866214e-06,nan,nan,nan
891,-0.030855437740683556,998,8.708954893681435e-06,nan,nan,nan
892,-0.030512593686580658,998,8.551419616070337e-06,nan,nan,nan
893,-0.03319096937775612,998,8.395280378842566e-06,nan,nan,nan
894,-0.03080553561449051,998,8.24053872302931e-06,nan,nan,nan
895,-0.030157335102558136,998,8.087196175868221e-06,nan,nan,nan
896,-0.0312911719083786,998,7.935254250788381e-06,nan,nan,nan
897,-0.03235161304473877,998,7.784714447395229e-06,nan,nan,nan
898,-0.031686969101428986,998,7.635578251455808e-06,nan,nan,nan
899,-0.03233258053660393,998,7.487847134884243e-06,nan,nan,nan
900,-0.031280517578125,998,7.3415225557269835e-06,nan,nan,nan
901,-0.03108261153101921,998,7.196605958148535e-06,nan,nan,nan
902,-0.02904454618692398,998,7.053098772417201e-06,nan,nan,nan
903,-0.03134739026427269,998,6.911002414890995e-06,nan,nan,nan
904,-0.032644420862197876,998,6.77031828800357e-06,nan,nan,nan
905,-0.029913024976849556,998,6.631047780250494e-06,nan,nan,nan
906,-0.031148867681622505,998,6.4931922661754295e-06,nan,nan,nan
907,-0.031602393835783005,998,6.356753106356678e-06,nan,nan,nan
908,-0.03189029544591904,998,6.221731647393636e-06,nan,nan,nan
909,-0.029935747385025024,998,6.088129221893596e-06,nan,nan,nan
910,-0.03140231966972351,998,5.955947148458552e-06,nan,nan,nan
911,-0.029349375516176224,998,5.825186731672227e-06,nan,nan,nan
912,-0.03219422698020935,998,5.695849262087138e-06,nan,nan,nan
913,-0.03128199651837349,998,5.567936016211866e-06,nan,nan,nan
914,-0.0304053146392107,998,5.441448256498553e-06,nan,nan,nan
915,-0.031116444617509842,998,5.3163872313303145e-06,nan,nan,nan
916,-0.03127018362283707,998,5.192754175008927e-06,nan,nan,nan
917,-0.03137347102165222,998,5.070550307742792e-06,nan,nan,nan
918,-0.03158252313733101,998,4.949776835634759e-06,nan,nan,nan
919,-0.0311935655772686,998,4.830434950670207e-06,nan,nan,nan
920,-0.0304262638092041,998,4.7125258307053464e-06,nan,nan,nan
921,-0.031207367777824402,998,4.59605063945562e-06,nan,nan,nan
922,-0.03139839693903923,998,4.481010526484138e-06,nan,nan,nan
923,-0.03200147673487663,998,4.367406627190358e-06,nan,nan,nan
924,-0.03149024024605751,998,4.255240062798911e-06,nan,nan,nan
925,-0.031040703877806664,998,4.144511940348523e-06,nan,nan,nan
926,-0.030643856152892113,998,4.035223352681029e-06,nan,nan,nan
927,-0.03196830675005913,998,3.927375378430693e-06,nan,nan,nan
928,-0.030816152691841125,998,3.820969082013421e-06,nan,nan,nan
929,-0.03148341178894043,998,3.7160055136165003e-06,nan,nan,nan
930,-0.03121233731508255,998,3.6124857091879078e-06,nan,nan,nan
931,-0.030938725918531418,998,3.5104106904263192e-06,nan,nan,nan
932,-0.029932281002402306,998,3.409781464770984e-06,nan,nan,nan
933,-0.03266717866063118,998,3.3105990253917475e-06,nan,nan,nan
934,-0.031715333461761475,998,3.2128643511791955e-06,nan,nan,nan
935,-0.03134692832827568,998,3.1165784067351265e-06,nan,nan,nan
936,-0.03111204504966736,998,3.021742142362976e-06,nan,nan,nan
937,-0.031394150108098984,998,2.928356494058359e-06,nan,nan,nan
938,-0.03221463784575462,998,2.8364223834999087e-06,nan,nan,nan
939,-0.031627241522073746,998,2.745940718040185e-06,nan,nan,nan
940,-0.03152412548661232,998,2.656912390696697e-06,nan,nan,nan
941,-0.031148860231041908,998,2.569338280143129e-06,nan,nan,nan
942,-0.03129218518733978,998,2.483219250700546e-06,nan,nan,nan
943,-0.03194412589073181,998,2.3985561523290502e-06,nan,nan,nan
944,-0.030978761613368988,998,2.3153498206192048e-06,nan,nan,nan
945,-0.032391637563705444,998,2.233601076783924e-06,nan,nan,nan
946,-0.029884450137615204,998,2.1533107276502967e-06,nan,nan,nan
947,-0.03117043524980545,998,2.074479565651675e-06,nan,nan,nan
948,-0.030885420739650726,998,1.997108368819798e-06,nan,nan,nan
949,-0.030847959220409393,998,1.921197900777131e-06,nan,nan,nan
950,-0.031661294400691986,998,1.8467489107293547e-06,nan,nan,nan
951,-0.03145059943199158,998,1.773762133457938e-06,nan,nan,nan
952,-0.03166670352220535,998,1.7022382893129106e-06,nan,nan,nan
953,-0.031545985490083694,998,1.6321780842057351e-06,nan,nan,nan
954,-0.03099120780825615,998,1.563582209602363e-06,nan,nan,nan
955,-0.032404690980911255,998,1.4964513425163723e-06,nan,nan,nan
956,-0.030667496845126152,998,1.4307861455023246e-06,nan,nan,nan
957,-0.0308527909219265,998,1.3665872666492022e-06,nan,nan,nan
958,-0.02842879854142666,998,1.3038553395740141e-06,nan,nan,nan
959,-0.03103007562458515,998,1.2425909834155838e-06,nan,nan,nan
960,-0.031352732330560684,998,1.1827948028283376e-06,nan,nan,nan
961,-0.033116068691015244,998,1.1244673879764432e-06,nan,nan,nan
962,-0.029403205960989,998,1.067609314527964e-06,nan,nan,nan
963,-0.02999003976583481,998,1.0122211436490966e-06,nan,nan,nan
964,-0.030174732208251953,998,9.583034219987425e-07,nan,nan,nan
965,-0.03212805464863777,998,9.058566817230457e-07,nan,nan,nan
966,-0.03186225891113281,998,8.54881440450163e-07,nan,nan,nan
967,-0.031119132414460182,998,8.053782012851521e-07,nan,nan,nan
968,-0.03076964244246483,998,7.573474528049752e-07,nan,nan,nan
969,-0.031417571008205414,998,7.10789669053753e-07,nan,nan,nan
970,-0.030408481135964394,998,6.657053095380016e-07,nan,nan,nan
971,-0.030590161681175232,998,6.22094819222153e-07,nan,nan,nan
972,-0.03149791061878204,998,5.799586285241253e-07,nan,nan,nan
973,-0.03158554434776306,998,5.392971533111422e-07,nan,nan,nan
974,-0.030307531356811523,998,5.001107948955206e-07,nan,nan,nan
975,-0.031392570585012436,998,4.623999400308062e-07,nan,nan,nan
976,-0.031652964651584625,998,4.2616496090791063e-07,nan,nan,nan
977,-0.03161736577749252,998,3.91406215151447e-07,nan,nan,nan
978,-0.029870131984353065,998,3.5812404581621666e-07,nan,nan,nan
979,-0.03033408708870411,998,3.2631878138377813e-07,nan,nan,nan
980,-0.03110985830426216,998,2.959907357592667e-07,nan,nan,nan
981,-0.030647292733192444,998,2.6714020826823e-07,nan,nan,nan
982,-0.030441783368587494,998,2.3976748365374713e-07,nan,nan,nan
983,-0.031085781753063202,998,2.13872832073531e-07,nan,nan,nan
984,-0.03271840512752533,998,1.8945650909738025e-07,nan,nan,nan
985,-0.03412127494812012,998,1.665187557045148e-07,nan,nan,nan
986,-0.031578678637742996,998,1.450597982812943e-07,nan,nan,nan
987,-0.030649827793240547,998,1.2507984861898662e-07,nan,nan,nan
988,-0.029726460576057434,998,1.0657910391161952e-07,nan,nan,nan
989,-0.03040342964231968,998,8.955774675406555e-08,nan,nan,nan
990,-0.030757885426282883,998,7.401594514026015e-08,nan,nan,nan
991,-0.03195280581712723,998,5.995385246151964e-08,nan,nan,nan
992,-0.03071219101548195,998,4.7371607505009116e-08,nan,nan,nan
993,-0.033387646079063416,998,3.6269334452393514e-08,nan,nan,nan
994,-0.03167436271905899,998,2.6647142878655267e-08,nan,nan,nan
995,-0.031087718904018402,998,1.8505127750911877e-08,nan,nan,nan
996,-0.030871018767356873,998,1.184336942758326e-08,nan,nan,nan
997,-0.032325126230716705,998,6.661933657525776e-09,nan,nan,nan
998,-0.031914643943309784,998,2.960871579432705e-09,nan,nan,nan
999,-0.03016950748860836,998,7.402197212680329e-10,nan,nan,nan
