timestamp,version,model_name,model_path,env,episodes,mean_reward,std_reward,mean_steps,std_steps,min_steps,max_steps,best_reward,best_seed,video_path
2025-12-22T12:03:04.284779+00:00,OG,td3_flat_actor_noSG_best_20251221_194049,out/runs/td3_flat_noSG_twc/twc_mcc_flat_twc_20251221_194049/td3_flat_actor_noSG_best_20251221_194049.pth,MountainCarContinuous-v0,100,91.88947296142578,0.668245792388916,168.79,37.44795580454818,120,259,93.16224945645222,121,out/videos/td3_flat_actor_noSG_best_20251221_194049_best-episode-0.mp4
2025-12-22T12:03:12.251411+00:00,OG,td3_flat_actor_noSG_final_20251221_194049,out/runs/td3_flat_noSG_twc/twc_mcc_flat_twc_20251221_194049/td3_flat_actor_noSG_final_20251221_194049.pth,MountainCarContinuous-v0,100,91.61331939697266,1.396609902381897,172.97,43.0933811037089,120,324,93.20803282231856,60,out/videos/td3_flat_actor_noSG_final_20251221_194049_best-episode-0.mp4
2025-12-22T12:03:54.663795+00:00,OG,td3_flat_actor_noSG_first_20251221_194049,out/runs/td3_flat_noSG_twc/twc_mcc_flat_twc_20251221_194049/td3_flat_actor_noSG_first_20251221_194049.pth,MountainCarContinuous-v0,100,-88.22293853759766,0.0,999.0,0.0,999,999,-88.22293867380743,42,out/videos/td3_flat_actor_noSG_first_20251221_194049_best-episode-0.mp4
2025-12-22T15:37:26.374065+00:00,OG,td3_flat_actor_noSG_best_20251221_193813,out/runs/td3_flat_noSG_twc/twc_mcc_flat_twc_20251221_193813/td3_flat_actor_noSG_best_20251221_193813.pth,MountainCarContinuous-v0,100,94.02337646484375,0.2554728090763092,206.62,46.60619025083438,122,269,94.63108230281122,47,out/videos/td3_flat_actor_noSG_best_20251221_193813_best-episode-0.mp4
2025-12-22T15:37:56.250274+00:00,OG,td3_flat_actor_noSG_final_20251221_193813,out/runs/td3_flat_noSG_twc/twc_mcc_flat_twc_20251221_193813/td3_flat_actor_noSG_final_20251221_193813.pth,MountainCarContinuous-v0,100,93.29344940185547,1.680314540863037,196.48,54.041787049233925,123,298,94.6657255586915,51,out/videos/td3_flat_actor_noSG_final_20251221_193813_best-episode-0.mp4
2025-12-22T15:40:24.550693+00:00,OG,td3_flat_actor_noSG_first_20251221_193813,out/runs/td3_flat_noSG_twc/twc_mcc_flat_twc_20251221_193813/td3_flat_actor_noSG_first_20251221_193813.pth,MountainCarContinuous-v0,100,-0.11107348650693893,0.0023258435539901257,999.0,0.0,999,999,-0.1087005980372769,82,out/videos/td3_flat_actor_noSG_first_20251221_193813_best-episode-0.mp4
2025-12-22T15:54:05.370590+00:00,OG,td3_flat_actor_noSG_best_20251221_193956,out/runs/td3_flat_noSG_twc/twc_mcc_flat_twc_20251221_193956/td3_flat_actor_noSG_best_20251221_193956.pth,MountainCarContinuous-v0,100,93.13306427001953,0.691070556640625,200.17,51.21336926935379,120,345,94.03786400512959,105,out/videos/td3_flat_actor_noSG_best_20251221_193956_best-episode-0.mp4
2025-12-22T15:54:33.129006+00:00,OG,td3_flat_actor_noSG_final_20251221_193956,out/runs/td3_flat_noSG_twc/twc_mcc_flat_twc_20251221_193956/td3_flat_actor_noSG_final_20251221_193956.pth,MountainCarContinuous-v0,100,92.7350082397461,1.1480566263198853,177.09,39.49967267477215,121,290,93.70809256914876,97,out/videos/td3_flat_actor_noSG_final_20251221_193956_best-episode-0.mp4
2025-12-22T15:57:02.242720+00:00,OG,td3_flat_actor_noSG_first_20251221_193956,out/runs/td3_flat_noSG_twc/twc_mcc_flat_twc_20251221_193956/td3_flat_actor_noSG_first_20251221_193956.pth,MountainCarContinuous-v0,100,-21.590417861938477,0.0012860549613833427,999.0,0.0,999,999,-21.587815040921406,71,out/videos/td3_flat_actor_noSG_first_20251221_193956_best-episode-0.mp4
